fieldName,displayName,dataType,description,exampleValue
basic.reportId,基本信息.报告ID,String,"病理报告唯一标识符",BC-2024-001234
basic.patientId,基本信息.患者ID,String,"患者唯一标识符",P123456789
basic.patientName,基本信息.患者姓名,String,"患者姓名",张三
basic.age,基本信息.年龄,Number,"患者年龄(岁)。<br>**流行病学**: 乳腺癌中位发病年龄45-55岁(中国),比欧美年轻10岁;年轻乳腺癌(<40岁)占15-20%,绝经后乳腺癌占50-60%<br>**临床意义**: 年龄是重要的预后因素,<35岁年轻乳腺癌预后差、复发率高、多为三阴性或HER2阳性;绝经状态决定内分泌治疗选择(绝经前他莫昔芬,绝经后芳香化酶抑制剂)",48
basic.gender,基本信息.性别,String,"患者性别。<br>**建议值**: `女`, `男`<br>**流行病学**: 女性占99%,男性乳腺癌占1%,男性乳腺癌多为HR阳性(90%),预后与女性相似",女
basic.reportDate,基本信息.报告日期,Date,"病理报告出具日期",2024-03-15
basic.hospitalName,基本信息.医院名称,String,"出具报告的医疗机构名称",北京协和医院
basic.pathologistName,基本信息.病理医师,String,"报告病理医师姓名",李医生
specimen.type,标本信息.标本类型,String,"病理标本类型。<br>**建议值**:<br>- `空芯针穿刺活检(CNB)`: 术前诊断金标准,14-16G针,取2-4条组织,确诊率>95%<br>- `细针抽吸活检(FNA)`: 细胞学诊断,仅用于淋巴结评估<br>- `麦默通真空辅助活检`: 取材更多,适合微小钙化或不可触及病灶<br>- `乳腺肿块切除标本`: 保乳手术或诊断性切除<br>- `乳腺单纯切除标本`: 全乳切除<br>- `乳腺根治术标本`: 乳腺+腋窝淋巴结+胸肌筋膜<br>- `改良根治术标本`: 乳腺+腋窝淋巴结(保留胸肌),最常用术式<br>- `前哨淋巴结活检`: 评估腋窝淋巴结状态,阴性可免除腋窝清扫<br>**临床意义**: CNB是术前诊断金标准,可获得ER/PR/HER2/Ki-67信息指导新辅助治疗;前哨淋巴结活检可避免70%患者不必要的腋窝清扫及并发症(淋巴水肿)",空芯针穿刺活检
specimen.laterality,标本信息.病变侧别,String,"病变位于左侧或右侧乳腺。<br>**建议值**: `左侧`, `右侧`, `双侧`<br>**流行病学**: 单侧发病占95%,双侧同时发病占5%,双侧异时发病(10年累积风险)10-15%<br>**临床意义**: 双侧乳腺癌提示遗传性乳腺癌可能(BRCA突变者对侧乳腺癌风险40%),需考虑双侧预防性乳房切除术",左侧
specimen.location,标本信息.肿瘤位置,String,"肿瘤在乳腺的位置(钟盘法或象限法)。<br>**象限法**:<br>- 外上象限: 50-60%,最常见<br>- 外下象限: 10-15%<br>- 内上象限: 10-15%<br>- 内下象限: 5-10%<br>- 中央区(乳晕乳头): 10-15%<br>**钟盘法**: 12点钟方向在头侧,6点钟方向在足侧,以乳头为中心<br>**建议值**: `外上象限`, `外下象限`, `内上象限`, `内下象限`, `中央区`, `3点钟`, `6点钟`, `9点钟`, `12点钟`<br>**临床意义**: 外上象限最常见(50-60%);内侧象限肿瘤淋巴引流至内乳淋巴结(20-30%),预后稍差;中央区肿瘤累及乳头乳晕,保乳率低",外上象限
specimen.size,标本信息.肿瘤大小,String,"肿瘤最大径(cm)。<br>**测量**: 浸润性成分最大径,非整体肿瘤大小<br>**T分期界限**: ≤2cm为T1,2-5cm为T2,>5cm为T3<br>**临床意义**: 肿瘤大小是最重要的预后因素,T1(≤2cm) 10年生存率85-90%,T2 70-80%,T3 50-60%;肿瘤大小决定保乳可行性,一般≤3cm且瘤/乳比<25%可保乳;新辅助治疗后肿瘤缩小可提高保乳率",2.3cm
clinical.symptoms,临床表现.主要症状,String,"主要临床症状。<br>**最常见症状**: 无痛性乳腺肿块(70-80%),质硬、边界不清、活动度差<br>**其他症状**:<br>- 乳头溢液(5-10%): 血性溢液提示乳腺癌或导管内乳头状瘤<br>- 乳头乳晕改变: 乳头回缩/偏斜/固定,乳晕湿疹样改变(Paget病)<br>- 皮肤改变: 酒窝征(皮肤凹陷)、橘皮样变(皮肤水肿)、卫星结节、皮肤破溃<br>- 腋窝淋巴结肿大(20-30%)<br>- 晚期症状: 同侧上肢水肿、骨痛(骨转移)、呼吸困难(肺/胸膜转移)、黄疸(肝转移)、头痛(脑转移)<br>**建议值**: `无症状(体检/筛查发现)`, `乳腺肿块`, `乳头溢液`, `乳头回缩`, `皮肤凹陷(酒窝征)`, `皮肤橘皮样变`, `腋窝淋巴结肿大`, `乳腺疼痛`<br>**临床意义**: 70-80%为无痛性肿块,10-15%通过钼靶筛查发现(无症状);乳腺癌性疼痛少见(<10%),乳腺疼痛多为良性病变;皮肤橘皮样变/卫星结节提示炎性乳腺癌,预后极差",乳腺肿块(无痛,质硬)
clinical.imaging,临床表现.影像学特征,String,"钼靶/超声/MRI主要发现。<br>**钼靶(MMG)**(筛查首选,>40岁):<br>- 恶性特征: 毛刺状肿块、成簇细小多形性钙化(簇状钙化)、结构扭曲、不对称致密影<br>- BI-RADS分级: 0(需补充检查)、1(阴性)、2(良性)、3(可能良性,<2%恶性)、4(可疑恶性,4a 2-10%、4b 10-50%、4c 50-95%)、5(高度恶性,>95%)、6(病理证实恶性)<br>**超声**(首选,<40岁或致密型乳腺):<br>- 恶性特征: 形态不规则、边界不清晰、纵横比>1(竖立征)、微小钙化、后方回声衰减、血流丰富<br>**MRI**(评估范围、筛查高危人群):<br>- 恶性特征: 不规则强化、环形强化、快速强化后流出(Ⅲ型曲线)、多中心/多灶性病灶<br>**示例**: `钼靶BI-RADS 4c:左乳外上象限2.5cm毛刺状肿块,簇状细小钙化;超声:低回声实性结节,边界不清,纵横比>1,CDFI血流丰富`<br>**临床意义**: 钼靶对钙化敏感,超声对致密型乳腺优势明显;BI-RADS 4-5需活检;MRI敏感性最高(90%)但特异性较低(70%),适合评估多中心/多灶性及新辅助疗效",钼靶BI-RADS 4c,超声低回声结节
clinical.tumorMarkers.cea,临床表现.肿瘤标志物.CEA,Number,"癌胚抗原(ng/ml)。<br>**正常值**: <5 ng/ml<br>**阳性率**: 乳腺癌40-50%,转移性乳腺癌60-70%<br>**临床意义**: CEA阳性率不高,主要用于监测复发转移,术后CEA升高提示复发,CEA>100 ng/ml常提示远处转移;CEA不用于筛查诊断<br>**监测**: 术前基线+术后每3-6个月",8.5
clinical.tumorMarkers.ca153,临床表现.肿瘤标志物.CA15-3,Number,"糖链抗原15-3(U/ml)。<br>**正常值**: <25 U/ml<br>**阳性率**: 早期乳腺癌20-30%,晚期60-80%<br>**临床意义**: CA15-3是乳腺癌最常用标志物,但早期阳性率低(20-30%),不适合筛查;主要用于监测复发转移,CA15-3>50 U/ml常提示转移;CA15-3升高先于影像学3-6个月<br>**监测**: 术前基线+术后每3-6个月×5年",35
clinical.tumorMarkers.ca125,临床表现.肿瘤标志物.CA125,Number,"糖链抗原125(U/ml)。<br>**正常值**: <35 U/ml<br>**阳性率**: 乳腺癌15-25%<br>**临床意义**: CA125阳性率低于CA15-3,主要在转移性乳腺癌升高,CA125>100 U/ml提示腹膜/胸膜转移可能;CA125与CA15-3联合监测可提高复发检出率",28
pathology.who.type,病理诊断.WHO分类.组织学类型,String,"WHO 2019乳腺肿瘤分类。<br>**浸润性癌(70-80%)**:<br>- **浸润性非特殊类型(NST,原称IDC)**: 70-75%,形态多样,包括所有不符合特殊类型标准的浸润性癌<br>- **浸润性小叶癌(ILC)**: 10-15%,单行排列,E-cadherin缺失,多发/多中心/双侧率高(15-30%),常ER+/PR+/HER2-,化疗不敏感<br>- **管状癌**: 2-3%,>90%管状结构,预后极好,10年生存率>95%<br>- **筛状癌**: 1-2%,筛孔状结构,预后好<br>- **黏液癌**: 2-3%,>90%黏液成分,老年绝经后女性,预后好<br>- **乳头状癌**: <1%,乳头状结构<br>- **微乳头状癌**: 1-2%,淋巴管侵犯率极高(80-90%),淋巴结转移率高(60-80%),预后差<br>- **化生性癌**: 1-2%,鳞状/梭形细胞/软骨/骨化生,多为三阴性,预后差<br>- **富于淋巴细胞癌**: <1%,肿瘤内淋巴细胞浸润>50%,常三阴性但预后较好<br>**原位癌(20-30%)**:<br>- **导管原位癌(DCIS)**: 15-25%,局限于导管基底膜内,不转移,5年生存率>98%,但20-30%进展为浸润性癌<br>- **小叶原位癌(LCIS)**: 1-3%,对侧乳腺癌风险增加10倍,视为高危因素而非真正癌前病变<br>**Paget病**: 1-2%,乳头乳晕湿疹样改变,90%伴DCIS或浸润性癌<br>**炎性乳腺癌(IBC)**: 1-3%,临床诊断,皮肤橘皮样变/红肿/发热,真皮淋巴管癌栓,预后极差,5年生存率<30%<br>**建议值**: `浸润性非特殊类型(NST)`, `浸润性小叶癌(ILC)`, `管状癌`, `筛状癌`, `黏液癌`, `微乳头状癌`, `化生性癌`, `富于淋巴细胞癌`, `导管原位癌(DCIS)`, `小叶原位癌(LCIS)`, `Paget病`, `炎性乳腺癌(IBC)`<br>**临床意义**: 组织学类型影响预后和治疗,管状癌/筛状癌/黏液癌预后好,微乳头状癌/化生性癌预后差;ILC对化疗不敏感,内分泌治疗疗效好;富于淋巴细胞癌虽三阴性但预后较好;炎性乳腺癌预后极差,需强化全身治疗",浸润性非特殊类型(NST)
pathology.grade,病理诊断.组织学分级,String,"Nottingham组织学分级(Elston-Ellis改良Scarff-Bloom-Richardson分级)。<br>**评分系统**(腺管形成+核异型性+核分裂象,各1-3分,总分3-9分):<br>- **腺管形成**: 1分(>75%腺管)、2分(10-75%腺管)、3分(<10%腺管)<br>- **核异型性**: 1分(小而一致)、2分(中度多形性)、3分(明显多形性)<br>- **核分裂象**: 1分(0-5个/10HPF)、2分(6-10个/10HPF)、3分(≥11个/10HPF,具体标准依视野面积调整)<br>**分级**:<br>- **G1(低级别)**: 3-5分,高分化,10-20%,10年生存率90-95%<br>- **G2(中级别)**: 6-7分,中分化,40-50%,10年生存率70-80%<br>- **G3(高级别)**: 8-9分,低分化,30-40%,10年生存率50-60%<br>**建议值**: `G1-低级别(3-5分)`, `G2-中级别(6-7分)`, `G3-高级别(8-9分)`<br>**临床意义**: 组织学分级是独立预后因素,G3复发风险是G1的3-4倍;G3肿瘤常为三阴性或HER2阳性,需化疗;G1肿瘤多为Luminal A型,可考虑省略化疗;组织学分级与Ki-67相关,G3 Ki-67通常>30%",G2-中级别(6分:腺管2+核2+分裂2)
pathology.invasionDepth,病理诊断.浸润深度,String,"浸润范围。<br>**原位癌**: 局限于导管/小叶基底膜内,未突破基底膜<br>**微浸润**: 浸润灶≤1mm,通常为单发,不影响预后<br>**浸润性癌**: 突破基底膜,浸润周围间质<br>**皮肤侵犯**: 真皮浸润(pT4b)或皮肤溃疡(pT4b)<br>**胸壁侵犯**: 侵犯胸肌/肋骨/肋间肌(pT4a)<br>**建议值**: `原位癌`, `微浸润(≤1mm)`, `浸润性癌`, `皮肤侵犯`, `胸壁侵犯`<br>**临床意义**: 原位癌5年生存率>98%,微浸润预后与原位癌相似;皮肤侵犯/胸壁侵犯为T4,局部晚期,需新辅助治疗",浸润性癌
pathology.lymphovascularInvasion,病理诊断.脉管侵犯,String,"淋巴管/血管侵犯(LVI)。<br>**定义**: 镜下见肿瘤细胞位于淋巴管腔或血管腔内,内皮细胞包绕<br>**检出率**: 15-30%,与肿瘤大小、分级、淋巴结转移相关<br>**建议值**: `未见脉管侵犯`, `淋巴管侵犯`, `血管侵犯`, `淋巴管+血管侵犯`<br>**临床意义**: LVI是强烈的独立不良预后因素,LVI阳性淋巴结转移率增加3-4倍,复发风险增加2-3倍;LVI阳性是化疗指征,即使淋巴结阴性也建议化疗;LVI与分子分型无关,各亚型均可出现",淋巴管侵犯
staging.tnm.cT,分期.TNM.临床T分期,String,"临床T分期(AJCC第8版,基于体检+影像)。<br>**Tis**: 原位癌(DCIS/LCIS/Paget病无浸润)<br>**T1**: ≤20mm<br>- **T1mi**: 微浸润≤1mm<br>- **T1a**: >1mm且≤5mm<br>- **T1b**: >5mm且≤10mm<br>- **T1c**: >10mm且≤20mm<br>**T2**: >20mm且≤50mm<br>**T3**: >50mm<br>**T4**: 任何大小,侵犯胸壁或皮肤<br>- **T4a**: 胸壁侵犯(不包括胸肌)<br>- **T4b**: 皮肤溃疡/卫星结节/皮肤水肿(橘皮样)<br>- **T4c**: T4a+T4b<br>- **T4d**: 炎性乳腺癌<br>**建议值**: `Tis`, `T1mi`, `T1a`, `T1b`, `T1c`, `T2`, `T3`, `T4a`, `T4b`, `T4c`, `T4d`<br>**临床意义**: T分期是预后最重要因素,T1 10年生存率85-90%,T2 70-80%,T3 50-60%,T4 30-40%;T1可保乳,T3通常需全切,T4需新辅助治疗;炎性乳腺癌(T4d)预后最差,5年生存率<30%",cT2(2.3cm)
staging.tnm.cN,分期.TNM.临床N分期,String,"临床N分期(AJCC第8版,基于体检+影像)。<br>**cN0**: 无区域淋巴结转移<br>**cN1**: 同侧腋窝淋巴结转移,可活动<br>**cN2**:<br>- **cN2a**: 同侧腋窝淋巴结转移,固定或融合<br>- **cN2b**: 仅同侧内乳淋巴结转移(影像学检出,临床无腋窝淋巴结转移)<br>**cN3**:<br>- **cN3a**: 同侧锁骨下淋巴结转移<br>- **cN3b**: 同侧内乳+腋窝淋巴结转移<br>- **cN3c**: 同侧锁骨上淋巴结转移<br>**建议值**: `cN0`, `cN1`, `cN2a`, `cN2b`, `cN3a`, `cN3b`, `cN3c`<br>**临床意义**: cN0可行前哨淋巴结活检,cN+需腋窝清扫;cN2-3为局部晚期,需新辅助治疗;内乳淋巴结转移(cN2b/cN3b)预后差,需放疗",cN1
staging.tnm.pT,分期.TNM.病理T分期,String,"病理T分期(AJCC第8版,基于手术标本)。<br>**与cT分期定义一致**<br>**建议值**: `pTis`, `pT1mi`, `pT1a`, `pT1b`, `pT1c`, `pT2`, `pT3`, `pT4a`, `pT4b`, `pT4c`, `pT4d`<br>**临床意义**: pT分期更准确,是预后评估金标准;新辅助治疗后肿瘤缩小,pT分期加前缀y(ypT),ypT0(pCR)预后最好",pT2(2.3cm)
staging.tnm.pN,分期.TNM.病理N分期,String,"病理N分期(AJCC第8版)。<br>**pN0**: 无淋巴结转移<br>- **pN0(i+)**: 仅孤立肿瘤细胞(ITC,≤0.2mm或≤200个细胞),不计入N分期<br>- **pN0(mol+)**: 仅分子学检出(RT-PCR),不计入N分期<br>**pN1**: 1-3枚腋窝淋巴结转移,和/或内乳前哨淋巴结微转移<br>- **pN1mi**: 微转移(>0.2mm且≤2mm)<br>- **pN1a**: 1-3枚腋窝淋巴结转移,至少1枚>2mm<br>- **pN1b**: 内乳前哨淋巴结微转移,腋窝淋巴结阴性<br>- **pN1c**: 1-3枚腋窝淋巴结转移+内乳前哨淋巴结微转移<br>**pN2**: 4-9枚腋窝淋巴结转移,或内乳淋巴结转移(无腋窝转移)<br>- **pN2a**: 4-9枚腋窝淋巴结转移,至少1枚>2mm<br>- **pN2b**: 内乳淋巴结转移(影像学/临床/病理),腋窝淋巴结阴性<br>**pN3**: ≥10枚腋窝淋巴结转移,或锁骨下/锁骨上/内乳+腋窝转移<br>- **pN3a**: ≥10枚腋窝淋巴结转移,或锁骨下淋巴结转移<br>- **pN3b**: 内乳+腋窝淋巴结转移(≥1枚腋窝>2mm或4-9枚腋窝)<br>- **pN3c**: 锁骨上淋巴结转移<br>**建议值**: `pN0`, `pN0(i+)`, `pN1mi`, `pN1a`, `pN1b`, `pN1c`, `pN2a`, `pN2b`, `pN3a`, `pN3b`, `pN3c`<br>**临床意义**: pN是最重要的预后因素,pN0 10年生存率85%,pN1 70%,pN2 50%,pN3 30%;微转移(pN1mi)预后介于pN0和pN1a之间;ITC(pN0(i+))不影响预后,不计入N分期;内乳淋巴结转移(pN2b/pN3b)需内乳区放疗",pN1a(2枚阳性/15枚检出)
staging.tnm.pM,分期.TNM.病理M分期,String,"病理M分期(AJCC第8版)。<br>**pM0**: 无远处转移<br>**pM1**: 远处转移<br>**常见转移部位**:<br>- 骨: 最常见(50-70%),溶骨性或成骨性,骨痛、病理性骨折、脊髓压迫<br>- 肺: 20-30%,肺结节、胸腔积液、淋巴管癌<br>- 肝: 15-25%,多发结节,肝功能异常<br>- 脑: 10-15%,头痛、恶心呕吐、癫痫、肢体无力,HER2阳性/三阴性脑转移率高<br>**建议值**: `pM0`, `pM1-骨转移`, `pM1-肺转移`, `pM1-肝转移`, `pM1-脑转移`, `pM1-多器官转移`<br>**临床意义**: pM1为IV期,5年生存率20-30%,中位OS 24-36月(HR+/HER2+)或12-18月(三阴性);寡转移(单发骨/肺转移)可局部治疗(手术/放疗)+全身治疗,中位OS可达5-10年",pM0
staging.ajcc.anatomic,分期.AJCC.解剖学分期,String,"AJCC第8版解剖学分期(基于TNM)。<br>**0期**: Tis N0 M0,原位癌<br>**IA期**: T1 N0 M0,10年生存率90-95%<br>**IB期**: T0-1 N1mi M0,85-90%<br>**IIA期**: T0-1 N1 M0或T2 N0 M0,75-85%<br>**IIB期**: T2 N1 M0或T3 N0 M0,65-75%<br>**IIIA期**: T0-2 N2 M0或T3 N1-2 M0,50-65%<br>**IIIB期**: T4 N0-2 M0,40-55%<br>**IIIC期**: 任何T N3 M0,25-40%<br>**IV期**: 任何T 任何N M1,20-30%<br>**建议值**: `0期`, `IA期`, `IB期`, `IIA期`, `IIB期`, `IIIA期`, `IIIB期`, `IIIC期`, `IV期`<br>**临床意义**: 解剖学分期仅基于TNM,未考虑生物学特征;AJCC第8版推荐使用预后分期(整合ER/PR/HER2/分级)指导治疗,预后分期更准确",IIA期(T2N0M0)
staging.ajcc.prognostic,分期.AJCC.预后分期,String,"AJCC第8版预后分期(整合TNM+ER/PR/HER2/分级+基因检测)。<br>**定义**: 在解剖学分期基础上,整合生物学标志物(ER/PR/HER2/组织学分级/Oncotype DX等)得出的预后分期<br>**举例**: T2N0M0 ER+/PR+/HER2- G1患者,解剖学分期IIA,但预后分期可降为IA(低复发风险)<br>**分期调整**:<br>- ER+/PR+/HER2- G1低复发风险: 预后分期降级<br>- ER-/PR-/HER2- G3(三阴性): 预后分期升级<br>- HER2+: 靶向治疗改善预后,预后分期可降级<br>**建议值**: `IA期`, `IB期`, `IIA期`, `IIB期`, `IIIA期`, `IIIB期`, `IIIC期`, `IV期`<br>**临床意义**: 预后分期是AJCC第8版重大创新,比解剖学分期更准确预测预后;例如T2N0M0 ER+/PR+/HER2- G1 Oncotype DX低危患者预后分期IA(10年生存率>90%),可免除化疗;推荐用预后分期指导治疗决策",IA期(预后分期,整合生物学标志物)
lymphNode.totalNumber,淋巴结.检出总数,Number,"检出淋巴结总数。<br>**推荐**: 腋窝清扫应检出至少10枚淋巴结<br>**检出率**: 前哨淋巴结活检平均1-3枚,腋窝清扫I+II站平均15-20枚,I+II+III站20-30枚<br>**临床意义**: 检出淋巴结<10枚为分期不足,可能遗漏转移;前哨淋巴结活检假阴性率5-10%,阴性可免除腋窝清扫;Z0011研究显示cT1-2N0患者前哨淋巴结1-2枚阳性且行保乳+全乳放疗者可免除腋窝清扫,10年OS无差异",15
lymphNode.positiveNumber,淋巴结.阳性数目,Number,"转移淋巴结数目。<br>**临床意义**: 阳性淋巴结数目是最重要的预后因素,1-3枚 vs 4-9枚 vs ≥10枚对应pN1 vs pN2 vs pN3,10年生存率从70%降至50%再降至30%;淋巴结阳性比率(LNR,阳性数/检出数)也是独立预后因素,LNR>0.3预后显著差;1-2枚阳性+保乳+全乳放疗可免除腋窝清扫(Z0011研究),≥3枚需腋窝清扫",2
ihc.er.status,免疫组化.ER.状态,String,"雌激素受体(ER)状态。<br>**ASCO/CAP 2020指南**: ≥1%核阳性细胞即为ER阳性<br>**判断标准**:<br>- **ER阴性**: 0%核阳性<br>- **ER低阳性**: 1-10%核阳性(疗效有限,需慎重评估内分泌治疗获益)<br>- **ER阳性**: >10%核阳性<br>**建议值**: `ER阴性(0%)`, `ER低阳性(1-10%)`, `ER阳性(>10%)`<br>**临床意义**: ER是最重要的预测因子,决定内分泌治疗适应症;ER阳性占70-75%,内分泌治疗可使复发风险降低40-50%;ER低阳性(1-10%)患者内分泌治疗获益有限(<5%),需综合评估;ER阳性率越高疗效越好,>50%患者5年无病生存率提高15-20%",ER阳性(>10%)
ihc.er.percentage,免疫组化.ER.阳性百分比,Number,"ER阳性肿瘤细胞百分比(%)。<br>**判断标准**: 核阳性肿瘤细胞占全部肿瘤细胞的百分比<br>**临床意义**: ER阳性率越高内分泌治疗疗效越好,>50%患者获益最大;ER 1-10%低阳性患者内分泌治疗获益有限,需结合PR/HER2/分级综合评估;ER阳性率影响Luminal A/B分型判断",85
ihc.pr.status,免疫组化.PR.状态,String,"孕激素受体(PR)状态。<br>**ASCO/CAP 2020指南**: ≥1%核阳性细胞即为PR阳性<br>**判断标准**:<br>- **PR阴性**: 0%核阳性<br>- **PR低阳性**: 1-10%核阳性<br>- **PR阳性**: >10%核阳性<br>**建议值**: `PR阴性(0%)`, `PR低阳性(1-10%)`, `PR阳性(>10%)`<br>**临床意义**: PR是ER功能的标志物,PR阳性提示ER通路功能正常;ER+/PR+患者内分泌治疗疗效最好,复发风险降低50%;ER+/PR-患者内分泌治疗疗效较差,复发风险降低仅20-30%,可能需加化疗;PR阴性是Luminal B型的标志之一",PR阳性(>10%)
ihc.pr.percentage,免疫组化.PR.阳性百分比,Number,"PR阳性肿瘤细胞百分比(%)。<br>**临床意义**: PR阳性率越高内分泌治疗疗效越好;PR<20%常定义为Luminal B型,即使HER2阴性也需考虑化疗",70
ihc.her2.ihcScore,免疫组化.HER2.IHC评分,String,"HER2免疫组化评分(ASCO/CAP 2023指南)。<br>**评分标准**(浸润性癌):<br>- **0**: 无染色或≤10%肿瘤细胞不完整膜染色<br>- **1+**: >10%肿瘤细胞微弱/勉强可见的不完整膜染色<br>- **2+**: >10%肿瘤细胞弱-中度完整膜染色,或≤10%肿瘤细胞强完整膜染色<br>- **3+**: >10%肿瘤细胞强完整膜染色<br>**判断**:<br>- **HER2阴性**: 0或1+<br>- **HER2低表达(HER2-low)**: 1+或2+且ISH阴性(2023新概念,T-DXd适应症)<br>- **HER2不确定**: 2+,需ISH确认<br>- **HER2阳性**: 3+或2+且ISH阳性<br>**建议值**: `0`, `1+`, `2+(需ISH)`, `3+`<br>**临床意义**: HER2阳性占15-20%,预后差但靶向治疗改变预后;HER2 3+为阳性,2+需ISH确认,0和1+为阴性;2023 HER2-low概念兴起(IHC 1+或2+/ISH-),T-DXd(DS-8201)使HER2-low患者获益(DESTINY-Breast04研究PFS 10.1月 vs 化疗5.4月)",3+
ihc.her2.ishStatus,免疫组化.HER2.ISH状态,String,"HER2原位杂交(ISH)状态(仅HER2 IHC 2+需检测)。<br>**ASCO/CAP 2018指南判断标准**:<br>- **ISH阳性**(HER2基因扩增):<br>  - HER2/CEP17比值≥2.0且HER2拷贝数≥4.0/细胞,或<br>  - HER2/CEP17比值≥2.0且HER2拷贝数<4.0/细胞(罕见),或<br>  - HER2/CEP17比值<2.0且HER2拷贝数≥6.0/细胞<br>- **ISH阴性**: HER2/CEP17比值<2.0且HER2拷贝数<4.0/细胞<br>- **ISH不确定**: HER2/CEP17比值<2.0且HER2拷贝数≥4.0且<6.0/细胞,需补充检测<br>**建议值**: `不适用(IHC 0/1+/3+)`, `ISH阳性`, `ISH阴性`, `ISH不确定(需补充检测)`<br>**临床意义**: IHC 2+患者需ISH确认HER2状态,ISH阳性为HER2+,可用曲妥珠单抗/帕妥珠单抗/T-DM1/T-DXd;IHC 2+/ISH-为HER2-low,可用T-DXd;ISH不确定需重复检测或补充HER2 IHC",ISH阳性(HER2/CEP17=4.2)
ihc.ki67,免疫组化.Ki-67,Number,"Ki-67增殖指数(%)。<br>**判断标准**(国际Ki-67工作组2021推荐):<br>- **低增殖**: <5%,低复发风险,Luminal A可能<br>- **中度增殖**: 5-30%,中等复发风险<br>- **高增殖**: ≥30%,高复发风险,Luminal B/HER2+/TNBC可能<br>**St. Gallen专家共识**:<br>- Ki-67<20%: 可能Luminal A型,低危患者可免除化疗<br>- Ki-67≥30%: 明确Luminal B型或高增殖型,需化疗<br>- Ki-67 20-29%: 灰区,需结合其他因素(ER/PR/分级/21基因)决策<br>**临床意义**: Ki-67是增殖指标,与复发风险和化疗获益相关;Ki-67<20%的Luminal A型低危患者(T1-2N0 ER≥50% PR≥20%)可免除化疗,仅内分泌治疗;Ki-67≥30%提示高复发风险,需化疗;Ki-67实验室间差异大,需本地验证cutoff值;新辅助治疗后Ki-67下降提示疗效好",25
molecular.subtype,分子分型.免疫组化替代分型,String,"基于免疫组化的分子亚型替代分型(St. Gallen共识)。<br>**Luminal A样** (40-50%):<br>- ER阳性(≥50%)且PR阳性(≥20%)<br>- HER2阴性<br>- Ki-67<20%(或<30%)<br>- 组织学G1-2<br>- 预后最好,10年生存率80-85%,内分泌治疗为主,低危可免化疗<br>**Luminal B样(HER2阴性)** (15-20%):<br>- ER阳性<br>- HER2阴性<br>- 且符合以下任一: Ki-67≥20%(或≥30%),或PR阴性/低阳性(<20%),或组织学G3<br>- 预后中等,10年生存率65-75%,需内分泌+化疗<br>**Luminal B样(HER2阳性)** (10-15%):<br>- ER阳性<br>- HER2阳性(任何Ki-67/PR)<br>- 预后中等,10年生存率70-80%,需内分泌+化疗+抗HER2治疗<br>**HER2阳性(非Luminal)** (5-10%):<br>- ER阴性,PR阴性<br>- HER2阳性<br>- 预后差但靶向治疗改善,10年生存率70-75%,需化疗+抗HER2治疗<br>**三阴性(TNBC)** (15-20%):<br>- ER阴性,PR阴性,HER2阴性<br>- Ki-67通常高(>50%)<br>- 预后最差,10年生存率55-65%,仅化疗(+免疫治疗)<br>**建议值**: `Luminal A样`, `Luminal B样(HER2阴性)`, `Luminal B样(HER2阳性)`, `HER2阳性(非Luminal)`, `三阴性(TNBC)`<br>**临床意义**: 分子分型决定治疗策略,Luminal A低危可免化疗,Luminal B需化疗,HER2+需靶向治疗,TNBC仅化疗;免疫组化替代分型与基因表达分型一致性80-85%,但存在15-20%不一致",Luminal B样(HER2阴性)
genomic.oncotypeDx,基因检测.Oncotype DX,String,"Oncotype DX 21基因复发评分(RS)。<br>**适应症**: ER+/HER2- pN0-1(1-3枚阳性)早期乳腺癌,评估化疗获益<br>**评分范围**: 0-100分<br>**风险分层**(TAILORx研究,pN0患者):<br>- **低危**: RS<11,化疗无获益,仅内分泌治疗,10年无远处转移生存率95%<br>- **中危**: RS 11-25,≤50岁或RS 16-25患者化疗可能获益,>50岁且RS 11-15化疗无获益<br>- **高危**: RS≥26,化疗获益明确,10年无远处转移生存率从70%升至88%<br>**RxPONDER研究**(pN1患者,1-3枚阳性):<br>- 绝经后pN1患者RS<25化疗无获益,RS≥25化疗获益<br>- 绝经前pN1患者RS<25仍可从化疗获益(卵巢功能抑制效应)<br>**建议值**: `未检测`, `低危(RS<11)`, `中危(RS 11-25)`, `高危(RS≥26)`<br>**临床意义**: Oncotype DX是最重要的基因检测,避免40-50%低危患者不必要化疗;RS<11患者仅内分泌治疗5年无复发生存率>98%;RS≥26患者化疗使复发风险降低30-40%;RS 11-25中危患者需结合年龄/淋巴结状态决策",中危(RS 18)
treatment.neoadjuvant,治疗.新辅助治疗,String,"新辅助治疗(术前治疗)。<br>**适应症**:<br>- **明确适应症**: 局部晚期(T3-4或N2-3),炎性乳腺癌(IBC)<br>- **相对适应症**: T2N1希望缩瘤保乳,HER2+或TNBC(pCR率高,指导辅助治疗)<br>**方案选择**:<br>- **HER2阴性**: AC-T(多柔比星+环磷酰胺×4周期→紫杉醇×12周),或TCH(多西他赛+卡铂+曲妥珠单抗,适合不耐受蒽环类)<br>- **HER2阳性**: AC-THP(AC×4→紫杉醇+曲妥珠单抗+帕妥珠单抗×12周),或TCbHP(多西他赛+卡铂+曲妥珠单抗+帕妥珠单抗×6周期,无蒽环)<br>- **TNBC**: AC-T+pembrolizumab(KEYNOTE-522方案,化疗+免疫检查点抑制剂),或剂量密集AC-T<br>**pCR率**:<br>- HER2+: 50-65%(双靶+化疗)<br>- TNBC: 40-60%(化疗+免疫)<br>- HR+/HER2-: 10-20%(内分泌治疗敏感,化疗不敏感)<br>**建议值**: `未行新辅助`, `AC-T`, `TCH`, `AC-THP(HER2+双靶)`, `TCbHP(HER2+无蒽环)`, `AC-T+pembrolizumab(TNBC)`, `内分泌治疗(低增殖Luminal)`<br>**临床意义**: 新辅助治疗使25-30%患者肿瘤缩小实现保乳;pCR(ypT0ypN0)患者预后极好,10年生存率>90%;HER2+/TNBC pCR率高,non-pCR患者需强化辅助治疗;Luminal A型pCR率低(<15%),新辅助化疗价值有限,可选新辅助内分泌(NAE)",AC-THP(HER2阳性双靶)
treatment.surgery,治疗.手术方式,String,"手术方式。<br>**乳腺手术**:<br>- **保乳手术(BCS)**: 切除肿瘤+足够切缘(≥2mm),保留大部分乳腺,术后必须全乳放疗,适用于T1-2(<3cm)单发肿瘤且切缘阴性,10年局部复发率5-10%,总生存与全切相同<br>- **乳腺单纯切除**: 切除全部乳腺组织保留皮肤,不清扫淋巴结<br>- **改良根治术(MRM)**: 切除乳腺+腋窝I-II站淋巴结,保留胸肌,最常用术式<br>- **根治术**: 切除乳腺+腋窝淋巴结+胸大小肌,已很少使用<br>- **保留乳头乳晕的乳房切除(NSM)**: 切除乳腺但保留乳头乳晕皮肤,适合肿瘤距乳头>2cm且术中冰冻乳头阴性,便于乳房重建<br>**腋窝手术**:<br>- **前哨淋巴结活检(SLNB)**: cN0患者,检出1-3枚前哨淋巴结,假阴性率5-10%,阴性可免除腋窝清扫<br>- **腋窝淋巴结清扫(ALND)**: 清扫腋窝I-II站淋巴结(≥10枚),适用于cN+或前哨淋巴结≥3枚阳性;并发症:淋巴水肿(20%)、感觉异常、肩关节活动受限<br>- **Z0011豁免**: cT1-2N0保乳+全乳放疗患者,前哨淋巴结1-2枚阳性可免除ALND,10年OS无差异(84% vs 82%)<br>**建议值**: `保乳手术+SLNB`, `保乳手术+ALND`, `改良根治术(MRM)`, `单纯乳房切除+SLNB`, `NSM+SLNB`, `根治术`<br>**临床意义**: 保乳+放疗与全切总生存相同,但保乳局部复发率稍高(10年5-10% vs 2-3%);保乳适应症:T1-2单发肿瘤、切缘阴性(≥2mm)、能接受放疗、无BRCA突变;前哨淋巴结阴性可免除ALND避免淋巴水肿;新辅助治疗后肿瘤缩小可提高保乳率20-30%",保乳手术+前哨淋巴结活检
treatment.adjuvantChemo,治疗.辅助化疗,String,"术后辅助化疗。<br>**适应症**(需综合评估T/N/分级/Ki-67/ER/PR/HER2/21基因):<br>- **明确需要**: pN+,或pN0但G3/Ki-67≥30%/肿瘤>2cm/LVI+/年轻(<35岁)/HER2+/TNBC<br>- **可能需要**: Luminal B型(ER+/HER2- Ki-67≥20%或PR<20%),Oncotype DX≥26<br>- **不需要**: Luminal A型低危(pT1N0 G1-2 Ki-67<20% ER≥50% PR≥20%,或Oncotype DX<11)<br>**方案**:<br>- **AC-T**: 多柔比星60mg/m²+环磷酰胺600mg/m² q3w×4周期→紫杉醇80mg/m² qw×12周,标准方案<br>- **TC**: 多西他赛75mg/m²+环磷酰胺600mg/m² q3w×4-6周期,适合不耐受蒽环类或低危患者<br>- **剂量密集AC-T**: AC q2w×4(G-CSF支持)→紫杉醇q2w×4,高危患者,复发风险降低15%(CALGB 9741)<br>- **HER2+**: 化疗+曲妥珠单抗1年(详见抗HER2治疗)<br>**疗程**: 通常4-6个月<br>**建议值**: `未行化疗(低危)`, `AC-T标准`, `AC-T剂量密集`, `TC`, `CMF`, `新辅助后non-pCR强化(T-DM1/capecitabine)`<br>**临床意义**: 辅助化疗使复发风险降低30-40%,死亡风险降低25-30%;蒽环+紫杉双药优于单药或CMF;剂量密集方案适合高危患者;pN0低危Luminal A患者(Oncotype DX<11)化疗无获益,可免除;新辅助后non-pCR患者需强化辅助治疗",AC-T标准(AC×4→T×12周)
treatment.her2Targeted,治疗.抗HER2靶向,String,"HER2靶向治疗(仅HER2阳性患者)。<br>**辅助治疗(早期HER2+)**:<br>- **曲妥珠单抗(Herceptin)**: 8mg/kg首剂,后6mg/kg q3w×1年(18次),或840mg首剂+420mg皮下注射q3w,使复发风险降低50%,死亡风险降低33%<br>- **曲妥珠单抗+帕妥珠单抗(双靶)**: 高危患者(pN+或pT3-4),APHINITY研究显示双靶使复发风险再降低19%,pN+患者获益明显<br>- **T-DM1**(曲妥珠单抗-美坦新偶联,ADC): 新辅助后non-pCR患者,KATHERINE研究显示T-DM1 vs 曲妥珠单抗,3年无浸润疾病生存率88% vs 77%<br>- **小分子TKI**(拉帕替尼/奈拉替尼): 二线选择,脑转移预防<br>**新辅助治疗**: 双靶(曲妥珠单抗+帕妥珠单抗)+化疗,pCR率50-65%<br>**晚期/转移性HER2+**:<br>- 一线: 曲妥珠单抗+帕妥珠单抗+化疗(紫杉),中位PFS 18.5月,OS 56.5月<br>- 二线: T-DM1,中位PFS 9.6月<br>- 三线: T-DXd(DS-8201,曲妥珠单抗deruxtecan),ORR 60-79%,中位PFS 16-29月,显著优于T-DM1<br>- HER2-low: T-DXd(DESTINY-Breast04),IHC 1+或2+/ISH-患者PFS 10.1月 vs 化疗5.4月<br>**不良反应**: 心脏毒性(左室射血分数下降,5-10%),蒽环类联用心衰风险增加;T-DXd间质性肺炎(10-15%,2-3%致命)<br>**建议值**: `曲妥珠单抗单药1年`, `曲妥珠单抗+帕妥珠单抗双靶1年`, `T-DM1辅助(non-pCR)`, `T-DXd(HER2+晚期或HER2-low)`, `拉帕替尼`, `奈拉替尼`<br>**临床意义**: 抗HER2治疗改变HER2+乳腺癌预后,10年生存率从60%升至80%;曲妥珠单抗1年辅助治疗是标准;高危患者双靶获益更大;新辅助non-pCR患者T-DM1强化辅助;T-DXd革命性ADC药物,HER2+三线和HER2-low均有效",曲妥珠单抗+帕妥珠单抗双靶1年
treatment.endocrine,治疗.内分泌治疗,String,"内分泌治疗(仅ER+患者)。<br>**他莫昔芬(TAM)**:<br>- 用法: 20mg qd×5-10年<br>- 适用: 绝经前后均可,绝经前首选<br>- 疗效: 复发风险降低40%,死亡风险降低30%<br>- 不良反应: 潮热(40%)、子宫内膜癌风险增加2-3倍(绝对风险<1%)、血栓(1-2%)<br>**芳香化酶抑制剂(AI)**(仅绝经后):<br>- **来曲唑/阿那曲唑**(非甾体AI): 2.5mg/1mg qd×5年<br>- **依西美坦**(甾体AI): 25mg qd×5年<br>- 疗效: 优于他莫昔芬,复发风险再降低15-20%<br>- 不良反应: 骨质疏松/骨折风险增加(需补钙+维生素D+双膦酸盐)、关节痛(50%)、心血管事件<br>**卵巢功能抑制(OFS)**(绝经前高危):<br>- 戈舍瑞林3.6mg皮下注射q4w,或亮丙瑞林,诱导药物性绝经<br>- SOFT/TEXT研究: 绝经前高危患者OFS+AI vs TAM单药,8年无病生存率79% vs 70%<br>**CDK4/6抑制剂**(晚期HR+/HER2-):<br>- **帕博西尼(Palbociclib)**: 125mg qd d1-21 q4w+AI/氟维司群<br>- **瑞博西尼(Ribociclib)**: 600mg qd d1-21 q4w+AI<br>- **阿贝西尼(Abemaciclib)**: 150mg bid持续+AI/氟维司群<br>- 疗效: CDK4/6i+AI vs AI单药,中位PFS 24-28月 vs 14月,OS获益(瑞博西尼)<br>**疗程**:<br>- 标准5年,延长至10年(他莫昔芬或AI 5年+他莫昔芬5年)可再降低复发风险10-15%,适合高危患者(pN+/G3)<br>**建议值**: `他莫昔芬5年`, `他莫昔芬10年`, `AI 5年(绝经后)`, `AI 5年+他莫昔芬5年`, `他莫昔芬+OFS(绝经前高危)`, `AI+OFS(绝经前高危)`, `CDK4/6i+AI(晚期)`<br>**临床意义**: 内分泌治疗是ER+乳腺癌最重要的治疗,使复发风险降低40-50%;绝经后AI优于他莫昔芬;绝经前低危TAM 5年,高危TAM+OFS或AI+OFS;延长至10年适合高危患者;CDK4/6i+内分泌是晚期HR+/HER2-一线标准",AI 5年(来曲唑,绝经后)
treatment.immunotherapy,治疗.免疫检查点抑制剂,String,"免疫检查点抑制剂(主要用于TNBC)。<br>**帕博利珠单抗(Pembrolizumab,PD-1抑制剂)**:<br>- **早期TNBC**(KEYNOTE-522,2021 FDA批准):<br>  - 新辅助: 帕博利珠单抗200mg q3w×8周期+化疗(AC-T或TC)→手术→帕博利珠单抗辅助9周期<br>  - pCR率: 64.8% vs 化疗单药51.2%<br>  - 3年EFS: 84.5% vs 76.8%(HR 0.63),不论PD-L1状态均获益<br>- **晚期TNBC**(KEYNOTE-355,PD-L1 CPS≥10):<br>  - 帕博利珠单抗+化疗(紫杉/吉西他滨-卡铂/卡培他滨)一线治疗<br>  - 中位PFS 9.7月 vs 化疗5.6月,OS 23.0月 vs 16.1月<br>**阿替利珠单抗(Atezolizumab,PD-L1抑制剂)**:<br>- **晚期TNBC**(IMpassion130,PD-L1+):<br>  - 阿替利珠单抗+白蛋白紫杉醇一线治疗<br>  - PD-L1+患者中位PFS 7.5月 vs 5.0月,OS 25.0月 vs 18.0月<br>  - PD-L1-患者无获益<br>**PD-L1检测**:<br>- 帕博利珠单抗: CPS(Combined Positive Score,肿瘤细胞+免疫细胞阳性百分比),CPS≥10为阳性(晚期)<br>- 阿替利珠单抗: IC(免疫细胞)评分,IC≥1%为阳性<br>**不良反应**: 免疫相关不良反应(irAE),肺炎(3-5%)、肝炎(2-3%)、甲状腺功能异常(10%)、皮疹<br>**建议值**: `未使用`, `帕博利珠单抗新辅助+辅助(TNBC)`, `帕博利珠单抗一线(晚期TNBC PD-L1 CPS≥10)`, `阿替利珠单抗一线(晚期TNBC PD-L1 IC≥1%)`<br>**临床意义**: 免疫治疗是TNBC重大突破,帕博利珠单抗+化疗使早期TNBC pCR率提高13%,3年EFS提高8%;晚期TNBC PD-L1+患者免疫+化疗OS延长7月;早期TNBC免疫获益不依赖PD-L1,但晚期需PD-L1+;TNBC是乳腺癌中免疫原性最强亚型",帕博利珠单抗新辅助+辅助(KEYNOTE-522)
prognosis.pCR,预后.病理完全缓解,String,"新辅助治疗后病理完全缓解(pCR)。<br>**定义**: ypT0/is ypN0,乳腺和淋巴结均无浸润性残留癌(允许残留原位癌)<br>**pCR率**(按分子亚型):<br>- HER2+双靶+化疗: 50-65%<br>- TNBC化疗+免疫: 40-60%<br>- Luminal B/HER2-: 15-25%<br>- Luminal A: <15%(化疗不敏感,不推荐新辅助化疗)<br>**建议值**: `不适用(未新辅助)`, `pCR(ypT0/is ypN0)`, `近pCR(ypT1a-b ypN0)`, `非pCR(残留浸润癌)`<br>**临床意义**: pCR是最强预后因素,pCR患者10年EFS 85-90% vs non-pCR 60-70%;HER2+/TNBC pCR率高,pCR预测长期生存;HER2+ non-pCR患者需T-DM1强化辅助,TNBC non-pCR需卡培他滨强化;Luminal型pCR率低,新辅助价值有限",pCR(ypT0ypN0)
prognosis.recurrenceRisk,预后.复发风险,String,"10年复发风险评估。<br>**低危**(10年复发风险<10%):<br>- pT1N0 Luminal A(ER≥50% PR≥20% HER2- Ki-67<20% G1-2)且Oncotype DX<11<br>- 10年DFS>90%,仅内分泌治疗<br>**中危**(10-20%):<br>- pT1-2N0 Luminal B或pT1N1 Luminal A<br>- 10年DFS 70-85%,内分泌±化疗<br>**高危**(>20%):<br>- pN+(≥4枚)或pT3-4或G3或LVI+或HER2+或TNBC或Oncotype DX≥26<br>- 10年DFS 50-70%,需化疗±靶向±免疫<br>**建议值**: `低危(<10%)`, `中危(10-20%)`, `高危(>20%)`<br>**临床意义**: 复发风险决定辅助治疗强度,低危可免化疗,高危需强化治疗;70-80%复发发生在5年内,但Luminal型可晚至10-20年复发,需长期内分泌治疗和随访",中危(10-20%)
followUp.schedule,随访.方案,String,"术后随访方案。<br>**NCCN/ASCO指南推荐**:<br>- **1-3年**: 每3-6个月随访,病史+体检<br>- **4-5年**: 每6-12个月随访<br>- **>5年**: 每年随访<br>**监测项目**:<br>- 病史+体检: 每次必查,评估症状、局部复发、对侧乳腺<br>- 钼靶: 保乳患者术后6-12个月基线,后每年1次;全切患者仅对侧乳腺每年1次<br>- 肿瘤标志物(CEA/CA15-3): 不推荐常规监测无症状患者(ASCO指南),仅症状/体征提示复发时检测<br>- 影像学(CT/骨扫描/PET-CT): 不推荐常规监测无症状患者,仅有症状时检测<br>- 骨密度检测: AI治疗患者每1-2年检测,预防骨质疏松<br>**不推荐常规检查**: CA15-3、CEA、胸部X线、肝脏超声、骨扫描、CT、PET-CT(无症状患者),因早期发现无症状复发不改善总生存<br>**建议值**: `NCCN标准随访`, `强化随访(高危患者)`, `简化随访(低危患者)`<br>**临床意义**: 80%复发发生在5年内,密切随访可早期发现局部复发和对侧乳腺癌;但无症状患者常规影像学监测不改善OS(ASCO指南),不推荐;仅症状导向的检查有意义;重点监测内分泌治疗依从性和不良反应",NCCN标准随访